id;uuid;first_name;last_name;gender;asma;rankId;rankName;specialtyId;specialtyName;mobileNumber;org;lattitude;longitude;absence1;absence2;absence3;absence4;absence5;absence6;absence7;absence8;absence9;absence10;absence11;absence12;absence13;absence14;absence15;absence16;absence17;absence18;absence19;absence20;absence21;absence22;absence23;absence24;absence25;absence26;absence27;absence28;absence29;absence30;absence31;dob;id_no;id_issue;id_expiration;passport;social_security;email;landline_no;street_address
1;79c495a4-e164-4f53-8737-2371d639c381;Λοϊζος;Αλεξίου;Άρρεν;7670;4;Υπσγός;1;Ι;99216732;360;34,98574184;32,94911992;4;10;4;2;9;7;4;0;1;5;6;2;5;6;3;10;4;7;8;4;3;5;3;1;7;5;4;6;6;2;7;09/10/1998;385574;2/2/14;12/12/23;61656;814293;dtice0@illinois.edu;26591868;817 Harper Terrace
2;2c8ebcd2-76d9-4175-86c3-143fa00ec51f;Προκόπιος;Πολεμίτης;Άρρεν;2741;10;Εσμίας;2;ΜΑ;99375792;350;34,64834419;32,83426951;;10;9;8;7;7;;;2;2;3;10;9;7;0;10;8;7;;8;0;10;10;10;4;9;3;7;5;10;6;27/04/1972;632335;21/12/11;29/10/21;11524;203717;moldfieldcherry1@lulu.com;22772178;76 Clemons Avenue
3;669abcf1-24f4-4f95-9217-80c8e92fa5f7;Ανδρέας;Αβερκίου;Άρρεν;6811;3;Σγός;2;ΜΑ;99519462;370;34,95328314;32,88465396;2;;5;;2;10;;;;;7;;;1;9;2;10;6;;8;10;9;6;3;4;6;10;10;7;4;10;28/08/1998;763452;12/1/19;20/11/28;89442;585904;mbrixham2@bloglovin.com;25764024;1354 Aberg Crossing
4;fdd54afd-b074-4504-a41f-965468201ce0;Λεωνίδας;Φκιαράς;Άρρεν;9252;2;Επγός;5;ΤΜΜ;99137382;360;34,64834419;32,87970231;9;3;;10;;0;;;;;8;4;10;;1;;;;10;;6;;7;;3;7;5;9;9;2;;11/03/1983;248497;19/7/16;28/5/26;77534;816230;jdrinkale3@umich.edu;26126325;3 Merchant Avenue
5;5d91893d-10ba-4c06-91a3-299a94f471ba;Δημήτριος;Δημητριάδης;Άρρεν;4090;4;Υπσγός;8;ΥΠΛ;99279225;350;35,15295542;33,06336346;6;0;9;9;;10;0;8;;;0;0;5;8;;;;;;5;0;;6;3;0;6;8;1;7;0;5;05/12/1993;353794;5/5/18;13/3/28;81225;831584;apetrasso4@google.es;25161471;68 Vahlen Plaza
6;174992f6-e8f3-4377-93ee-93f2f9ac23b4;Γεωργία;Αλεξάνδρου;Θήλυ;6579;9;Ασμίας;7;ΤΟΠ;99857679;360;34,79605019;33,0680323;7;2;10;0;9;1;7;5;;;6;5;8;8;2;9;7;3;0;4;7;8;5;;;;;;10;1;1;10/05/1989;585234;18/9/14;27/7/24;79749;309062;jgirodin5@fema.gov;22684757;82 Forster Center
7;8ce438f0-3577-4603-8bbb-5f96ad3fbdd0;Νεόφυτος;Χαραλάμπους;Άρρεν;5836;8;Ανθ. Γ';4;ΜΑΕ;99914780;350;35,12113543;33,11530617;1;4;6;3;5;;10;2;7;3;9;0;3;4;4;10;10;0;;;7;7;9;5;6;7;;;4;1;;28/06/1977;442619;24/3/15;30/1/25;95972;523883;kjahan6@yahoo.com;26748553;422 Mendota Parkway
8;bcc43bac-b6e9-4ed1-a66a-f25a81783c3d;Γαβριήλ;Λαζάρου;Άρρεν;9966;6;Ανθ. Α';6;ΤΤΗ;99297069;360;35,02999335;33,0193813;;;3;8;6;3;10;3;7;2;10;5;8;3;;7;;5;9;1;4;;0;0;5;5;7;3;;2;3;04/05/1975;160161;25/12/11;2/11/21;92504;783552;vsprankling7@hostgator.com;25403771;873 Express Hill
9;3b726204-85a8-4143-84ad-60ce40004174;Ειρήνη;Αλεξίου;Θήλυ;2661;4;Υπσγός;6;ΤΤΗ;99554509;350;34,78103209;32,82896527;;;9;5;9;7;10;1;0;4;4;;6;7;3;10;10;9;;10;;10;2;8;8;2;4;5;8;8;6;26/04/1973;382841;27/9/19;5/8/29;81262;938809;mmohan8@salon.com;24217950;49225 Bonner Point
10;7671ba71-6c6e-4d88-bfe5-b5a4139c2c85;Σεραφείμ;Πετρίδης;Άρρεν;3732;5;Ανθσγός;2;ΜΑ;99789568;370;34,73954657;32,82831539;;;10;1;2;3;5;5;4;2;3;4;2;3;2;8;;8;5;1;4;4;1;6;1;3;5;4;2;7;5;05/09/1973;948592;5/4/11;11/2/21;16504;418699;lwilne9@china.com.cn;22858423;88 Dorton Alley
11;daa9121f-6617-4f47-ac45-b2091a9d809f;Ευάγγελος;Πέτρου;Άρρεν;6802;8;Ανθ. Γ';10;ΕΑ;99657346;350;34,78419628;33,18092016;8;6;2;6;6;8;5;;;2;8;1;8;3;3;2;3;2;6;0;2;10;;;;;10;2;7;1;3;27/10/1972;713194;23/11/16;2/10/26;73704;781016;djanewa@live.com;25556034;55 Sachtjen Hill
12;f2135a9b-5fe5-4dc3-8702-c8f66d65a910;Γαβριήλ;Χατζηνικολάου;Άρρεν;9250;3;Σγός;8;ΥΠΛ;99965952;350;35,03438488;33,2419755;8;6;7;9;3;6;10;8;9;10;5;3;7;7;1;0;10;3;3;5;3;;;;;;1;1;7;10;10;24/04/1996;401432;13/10/17;22/8/27;20809;760892;mseekingsb@bbc.co.uk;26402466;1341 Meadow Vale Street
13;4e4084b4-8f31-47a1-bbac-aaf8c4f9b9d1;Σίμος;Βανέζη;Άρρεν;4050;9;Ασμίας;10;ΕΑ;99950742;360;34,98574184;32,81385837;1;4;;;4;10;8;3;9;8;6;7;3;;;;3;5;;2;3;5;;;;;7;1;5;6;1;24/12/1989;323838;16/9/15;25/7/25;70981;513227;cnellc@edublogs.org;26175734;81 Brickson Park Alley
14;e7fa8620-1905-4649-9d4b-9e1e84881cbb;Θεοχάρης;Παρασκευά;Άρρεν;1163;3;Σγός;2;ΜΑ;99114860;360;34,88545259;33,20336725;4;5;;;6;6;2;8;0;2;10;0;10;;;;6;7;5;2;1;4;3;0;0;9;2;;5;;0;10/11/1992;122880;25/11/14;3/10/24;19208;717699;hblagburnd@ftc.gov;23475120;04341 Grayhawk Trail
15;f7f7853f-4534-4494-bb81-b1628eb9433a;Ορέστης;Μυριάνθους;Άρρεν;6137;8;Ανθ. Γ';12;ΤΜΣ;99912235;350;34,75309077;33,08073373;4;7;;;10;;3;2;10;3;0;8;3;;;;;5;1;1;;9;3;9;5;5;7;1;2;3;;12/03/1979;859980;7/11/15;15/9/25;13563;369452;fmcowene@japanpost.jp;24638932;9 Anderson Park
16;2895e168-64ba-4344-9db2-eddb0f2e3796;Νικόλαος;Καμέρης;Άρρεν;5785;5;Ανθσγός;9;ΣΛ;99363757;350;34,70555806;32,97040213;6;2;;;9;4;7;7;;5;7;8;0;6;10;2;8;3;4;1;7;4;0;9;8;1;5;1;8;6;2;22/07/1977;529020;20/1/18;29/11/27;29570;657808;rsallisf@census.gov;24526108;1 Oxford Street
17;8699f2c2-a599-48a2-9e0f-4c96b4240699;Ιωάννης;Μαυρομμάτης;Άρρεν;4862;3;Σγός;10;ΕΑ;99197353;360;35,11618344;33,19494767;8;10;;;8;5;3;;5;;10;;2;4;1;2;2;1;4;5;1;9;1;10;6;8;;4;4;8;10;10/12/1980;602554;6/11/18;14/9/28;63107;924071;fmanueaug@japanpost.jp;24313175;24 School Lane
18;ea383cc4-2e0c-423f-8d41-c17a99af3033;Χρυσόστομος;Ανδρέου;Άρρεν;4937;6;Ανθ. Α';1;Ι;99422225;350;34,88346547;33,03094303;9;4;;;8;6;2;;9;9;9;5;6;10;2;10;7;10;;7;10;;;;1;0;2;2;7;8;3;03/03/1996;400917;13/7/19;21/5/29;68734;729381;dcominoh@blogspot.com;23248230;2622 Magdeline Plaza
19;b0f97385-b013-415a-be01-2260ccf59671;Άντρη;Δημοσθένους;Θήλυ;5949;8;Ανθ. Γ';11;ΤΕΑ;99606906;370;34,84431024;32,89564321;2;8;;;3;7;6;;3;2;7;4;0;3;10;7;4;10;2;0;5;4;8;9;;8;;6;;1;1;01/02/1999;267345;19/10/17;28/8/27;73551;571954;troycei@pagesperso-orange.fr;26362655;133 Delladonna Junction
20;f553cf51-d428-4b74-9ed8-6fd0980d8b1f;Σίμος;Παπαδημητρίου;Άρρεν;8099;6;Ανθ. Α';1;Ι;99549725;350;34,68883319;33,24496439;;;;;6;1;8;;6;2;4;1;5;8;;7;0;7;;2;7;10;;9;10;10;9;1;;0;0;29/11/1988;174440;1/1/13;10/11/22;25923;596447;mcharlewoodj@sphinn.com;25619444;11430 Miller Street
21;facedbb6-77a7-4252-b356-8051478c6aee;Λεωνίδας;Βαττής;Άρρεν;5704;7;Ανθ. Β';5;ΤΜΜ;99974225;350;35,08612982;32,90191286;;;;;6;3;;;2;3;6;3;5;;7;6;;4;5;1;10;7;4;9;8;6;5;3;;4;1;24/05/1996;805678;30/1/10;9/12/19;10805;158377;ehostank@huffingtonpost.com;25390811;86 Hagan Terrace
22;75d01cb7-7495-4e3d-bf38-2f3d557ce92e;Παρασκευάς;Βαττής;Άρρεν;4396;2;Επγός;1;Ι;99944181;350;34,74518866;33,28537866;;;;;7;1;9;;7;;7;1;0;2;3;4;1;9;10;6;7;4;10;3;10;2;4;6;3;8;3;17/02/1987;190092;22/6/13;1/5/23;16684;378384;ncantrelll@weibo.com;24547439;77401 Westridge Avenue
23;879caa82-59dc-429e-bf0c-804b399ba674;Τρύφωνας;Παπαδημητρίου;Άρρεν;9856;5;Ανθσγός;9;ΣΛ;99294912;350;35,0914932;33,38729718;;;;;;10;6;5;5;1;1;6;5;7;5;10;5;3;;;;;;;;;0;3;4;10;2;04/03/1994;725854;25/10/19;2/9/29;77763;228636;nhegdonnem@wikispaces.com;23394319;06 Gulseth Road
24;c4ccef64-701c-4cbc-b627-8bb7bbba3bfa;Άγγελος;Φκιαράς;Άρρεν;2185;3;Σγός;5;ΤΜΜ;99662622;360;34,91229983;32,83268507;;;;;5;;0;6;;0;10;;8;6;5;;3;6;;;;;;;;;2;10;4;;4;22/06/1998;393997;6/9/16;16/7/26;76952;950149;kalchinn@live.com;22275542;23 Annamark Plaza
25;ef9f242e-c8ba-474e-9c1e-1b2cfcff9ea7;Παυλίνα;Οικονόμου;Άρρεν;4260;2;Επγός;4;ΜΑΕ;99285247;360;34,99379247;33,23210457;;;;;0;10;4;0;10;;0;3;;;9;3;;2;;;;;;;;;6;4;3;0;;26/09/1981;136443;1/7/19;9/5/29;29011;398903;cshobrooko@skyrock.com;24603183;6 Rigney Circle
26;22be8a7f-ba19-4106-b387-d70fbcd46ba9;Σεραφείμ;Κατσαράς;Άρρεν;8936;5;Ανθσγός;2;ΜΑ;99423575;370;34,74447737;33,46090625;;;;;10;8;7;4;5;7;5;10;1;5;1;5;2;1;1;5;7;9;10;0;1;3;8;4;3;3;2;05/04/1976;101099;5/5/15;13/3/25;28388;718931;abarliep@surveymonkey.com;24271373;33208 Grim Point
27;296759b9-5001-4d15-8f20-c43cf01049c6;Γαβριήλ;Καλλινίκου;Άρρεν;5874;10;Εσμίας;4;ΜΑΕ;99712832;350;34,97041948;33,12058855;;;;;5;6;;5;;4;6;;2;0;10;4;7;10;;3;2;3;;3;0;6;5;4;3;4;7;08/08/1974;765112;21/7/18;29/5/28;50695;509099;hgrzegoreckiq@theatlantic.com;22737849;57 Fieldstone Park
28;757e4bf4-61dc-4a61-89ee-8fb274649f43;Χρυσόστομος;Παπαναστασίου;Άρρεν;2379;7;Ανθ. Β';8;ΥΠΛ;99999990;350;35,17608713;32,87787027;;;;;2;5;3;2;6;0;;10;5;6;10;;0;4;8;0;;1;2;;5;8;5;10;4;5;9;19/01/1978;568037;8/12/10;16/10/20;12310;667301;dlomathr@sina.com.cn;26316971;1 Goodland Drive
29;6f67f82e-7663-4cc5-8d16-49e6f705c9c2;Μάριος;Μαυρομμάτης;Άρρεν;4716;4;Υπσγός;3;ΜΗ;99967596;370;35,01466779;32,98941473;;;;;1;1;0;3;7;2;8;3;5;7;5;3;0;7;2;1;5;0;7;6;6;4;7;6;3;5;5;29/02/1976;826678;4/3/12;11/1/22;71574;563797;dwolfendens@webnode.com;25738616;320 Lunder Alley
30;b62e81c5-812b-471b-90f1-9411e332f553;Κωνσταντίνος;Χαραλάμπους;Άρρεν;5236;1;Ασμχος;8;ΥΠΛ;99314116;360;34,68326331;33,27558431;;;;;5;2;7;7;4;0;2;6;4;7;7;7;;;;10;9;4;8;5;1;4;3;0;1;5;;23/07/1997;482323;25/4/17;4/3/27;38284;595732;rbaskervillet@ovh.net;24291721;302 Nancy Terrace
31;d0ab5457-b5bc-4e3a-895a-65ddd23c3cd2;Προκόπιος;Γαβριήλ;Άρρεν;5992;3;Σγός;11;ΤΕΑ;99129362;350;34,75917643;32,99281857;;;;;2;8;9;;4;;;9;;;;7;;;;7;1;;;;6;7;5;5;9;2;7;11/10/1974;121182;11/7/12;20/5/22;66546;437795;gdixonu@ucla.edu;24456067;570 Orin Road
32;d11d6f17-b23b-42c0-bd5f-ae125a5767f7;Νεόφυτος;Πετρίδης;Άρρεν;4205;4;Υπσγός;6;ΤΤΗ;99333551;350;34,865136;32,79377445;;;;6;10;4;1;6;2;;;6;7;4;1;3;3;8;0;8;3;;;;;9;10;;;2;10;17/11/1982;133317;16/2/10;26/12/19;69449;608001;skopecv@deliciousdays.com;22307982;09 Novick Plaza
33;6b2b7de3-88a6-428c-9620-1ea8c57d5349;Βαλεντίνος;Καλλινίκου;Άρρεν;1630;2;Επγός;7;ΤΟΠ;99839555;350;34,93449863;32,80708479;;;;9;9;6;6;5;2;;;6;0;10;10;9;9;5;4;0;1;9;1;2;10;;7;;;3;4;26/05/1975;663651;27/7/16;5/6/26;62667;349163;hmogridgew@imageshack.us;25594410;4 Claremont Parkway
34;d4bc4a04-2d98-435a-9ce6-f4cd48183eaa;Ευάγγελος;Παπαγεωργίου;Άρρεν;3910;2;Επγός;4;ΜΑΕ;99116389;350;34,94425186;33,22901453;;;;6;10;10;8;3;10;;;;;2;8;3;5;4;7;10;10;3;;;8;8;4;;;0;3;23/04/1990;702924;31/8/18;9/7/28;54603;663568;bdaceyx@hhs.gov;24393545;9683 Eastwood Street
35;950355a4-f331-4e18-b986-2c0c52f2863f;Ελευθέριος;Μυριάνθους;Άρρεν;1842;5;Ανθσγός;12;ΤΜΣ;99583311;360;35,17111583;32,77335442;;;;2;0;3;5;7;4;;;8;1;7;7;9;10;6;8;;8;8;;;3;3;4;;;1;0;31/12/1991;395884;7/1/15;15/11/24;16262;219285;lbagnaly@nps.gov;25141969;2064 Southridge Trail
36;4d9026cb-cd04-4bc4-b15f-41f7f7b2b050;Όμηρος;Παντελίδης;Άρρεν;8334;3;Σγός;8;ΥΠΛ;99228725;370;34,86805156;32,99605448;;;;4;1;6;9;5;10;;;5;8;0;8;3;1;6;8;;0;2;4;4;9;7;4;5;;1;;08/07/1983;413599;22/2/11;31/12/20;79738;930451;acastaignetz@jigsy.com;25928996;2111 8th Point
37;2bfc8039-3d5b-449f-8b74-b69a644fd425;Σταμάτης;Παπανεοφύτου;Άρρεν;5688;3;Σγός;5;ΤΜΜ;99907153;350;34,91858522;33,32690424;;;;3;;10;5;1;5;;;8;3;;;3;9;;;1;0;10;4;1;3;;;;;6;8;03/09/1985;123971;29/4/18;7/3/28;77864;154330;sminchin10@a8.net;23355573;3825 Susan Trail
38;80eb7061-6542-43ac-a0a4-11bc87aa0531;Βασίλειος;Παντελίδης;Άρρεν;3078;2;Επγός;5;ΤΜΜ;99287368;360;35,14368783;32,97771963;;;;8;;7;2;2;8;7;7;5;10;;;7;;3;2;5;4;7;5;1;3;0;;;;8;7;02/03/1990;779404;25/7/14;2/6/24;65720;501321;pibarra11@adobe.com;24576018;77575 Loeprich Crossing
39;7415083a-4a42-4290-b68d-2bca71ed4e01;Ευάγγελος;Βασιλείου;Άρρεν;7635;4;Υπσγός;5;ΤΜΜ;99907860;360;35,07152965;33,13090025;;;;4;;7;5;5;5;10;4;9;9;9;5;2;7;;;7;;8;7;10;2;1;9;;;3;10;22/08/1972;542425;6/1/17;15/11/26;70593;998528;eburtwell12@sohu.com;25187843;70 Orin Alley
40;34e99310-a896-4c15-bc18-788cd6a4fe42;Δημήτριος;Παρασκευαϊδης;Άρρεν;7543;1;Ασμχος;12;ΤΜΣ;99556104;370;34,83609531;33,02407358;;;;10;;7;6;6;5;9;0;2;3;9;1;8;6;;;0;0;8;;;0;4;4;;;0;7;07/11/1970;315615;12/9/12;22/7/22;54744;739894;mquarrington13@phpbb.com;25581133;947 Blackbird Junction
41;3abe22fe-fcb1-4dc6-9ba7-6756a3a14b99;Εμμανουήλ;Βαττής;Άρρεν;7914;10;Εσμίας;5;ΤΜΜ;99331297;350;34,7731073;33,17653585;;;;9;;3;6;0;3;0;2;7;0;9;0;4;8;2;3;;0;6;;;5;5;6;;;8;6;16/05/1990;325796;12/4/12;19/2/22;30206;647714;eringe14@salon.com;24431543;36745 Birchwood Park
42;eb520f36-6939-42cf-b51c-8d5b1f64cc8c;Χαραλαμπία;Νεοφύτου;Άρρεν;6336;3;Σγός;7;ΤΟΠ;99425798;370;34,93340078;32,8070586;;;;5;;8;;;9;7;0;7;;;;0;8;9;0;2;3;9;0;3;0;9;1;;;1;8;18/10/1989;446625;16/10/19;24/8/29;62484;871483;vhamshar15@ox.ac.uk;26312666;4428 Pleasure Center
43;5acaf215-dc62-4420-b24a-2ff5fe76088d;Προκόπιος;Κυριακίδης;Άρρεν;4904;3;Σγός;7;ΤΟΠ;99283568;370;35,22432321;33,13574156;;;;9;;8;;;9;3;6;9;6;6;4;6;5;1;5;8;3;;6;10;8;8;5;;;3;7;09/01/1996;494781;9/11/17;18/9/27;10260;592438;cglavin16@wordpress.org;23937606;77 Donald Hill
44;70bd03ae-2f72-435c-82d5-9783ef6558ab;Γεώργιος;Θεοχάρους;Άρρεν;7909;10;Εσμίας;10;ΕΑ;99275100;350;34,91667412;33,20395302;;;;10;;10;;;2;6;1;3;2;9;5;0;10;8;8;;1;;5;1;0;0;6;;;8;10;07/09/1972;792488;29/10/10;6/9/20;29290;173652;lgiraudeau17@cnbc.com;25666063;76 Eastlawn Court
45;5fd2eafb-a328-4f3b-9d72-f0dd3a73a5db;Μιχαήλ;Χριστοδούλου;Άρρεν;2989;5;Ανθσγός;11;ΤΕΑ;99660952;370;34,89251073;33,31329514;;;;4;;5;;;8;8;1;6;1;1;2;;9;1;3;8;2;0;2;6;1;9;5;;;1;1;03/04/1993;623729;2/1/13;11/11/22;33933;947756;aullyott18@surveymonkey.com;23367637;66866 Laurel Alley
46;0684c5c9-7413-41ed-acbf-a0934626741b;Σωτήρης;Πολυδώρου;Άρρεν;5378;9;Ασμίας;11;ΤΕΑ;99467094;350;34,73645181;33,28876029;;;;7;;5;5;5;6;10;8;5;8;10;9;6;8;2;1;4;8;2;6;1;3;8;10;;;5;5;06/02/1994;709838;15/1/18;24/11/27;36309;827943;nbeenham19@goo.ne.jp;24746106;0 Carey Way
47;e3f0fca3-345d-4b95-bb6d-de3c5de477b6;Ειρήνη;φκιαράς;Άρρεν;9183;10;Εσμίας;5;ΤΜΜ;99916262;350;34,97727174;32,81943154;7;2;;6;;8;5;5;8;0;10;1;3;8;7;9;8;5;3;4;9;2;1;5;4;4;0;;;10;10;16/09/1975;408675;22/5/12;31/3/22;58761;723333;kmoar1a@bbb.org;26334624;2 Delaware Court
48;dc017b85-845d-4d38-8b4d-363460e8f0bb;Αθανάσιος;Μαυρομμάτης;Άρρεν;5453;1;Ασμχος;10;ΕΑ;99184423;360;34,8825839;32,86054005;0;2;1;1;;3;4;0;7;10;4;2;1;7;;1;9;0;2;5;;9;0;7;1;4;;;;0;0;06/02/1995;795894;23/6/17;2/5/27;67743;467290;ggianulli1b@cisco.com;24611713;571 Monterey Alley
49;458a9366-c6a5-4fbf-80d6-740a4aeadeb3;Κωνσταντίνα;Βαττής;Θήλυ;1341;8;Ανθ. Γ';9;ΣΛ;99701714;370;35,02670243;33,36361779;9;0;10;4;;8;9;4;9;2;3;4;0;9;10;3;9;6;0;;0;6;3;4;10;9;;;;5;3;25/04/1983;231964;13/11/16;22/9/26;82084;355528;nharbottle1c@weebly.com;25505882;0483 Amoth Terrace
50;98083263-d9d8-48b0-90ab-945e6c5ab45d;Παντελής;Κυριακίδης;Άρρεν;9876;7;Ανθ. Β';10;ΕΑ;99541610;350;35,08252401;32,78847556;2;5;3;4;;8;1;10;3;5;4;8;6;10;8;9;2;2;4;2;2;4;1;6;8;5;7;;;5;10;03/10/1972;921729;18/3/16;25/1/26;91722;738595;ebeiderbeck1d@comsenz.com;22964101;3 Jackson Lane
51;17e92cd4-d8dd-4290-9c1d-00d14cd211de;Ειρήνη;Ευρυπίδου;Θήλυ;2766;4;Υπσγός;12;ΤΜΣ;99485583;360;34,83734325;32,76227288;4;2;3;9;;9;9;2;5;1;4;4;6;4;8;;2;0;1;1;5;;;;;3;7;;;3;0;12/03/1994;170351;24/6/11;2/5/21;12683;938961;aalford1e@hibu.com;24608301;7 Arrowood Court
52;c09cc26f-39a2-4e39-acd7-d3f0f7e7965d;Βαλεντίνος;Παύλου;Άρρεν;4380;5;Ανθσγός;4;ΜΑΕ;99500127;350;35,0732248;33,24243962;1;6;8;5;;10;10;9;8;7;8;10;4;6;10;4;2;0;3;1;2;10;;;;0;7;7;10;7;0;22/11/1983;603512;10/8/14;18/6/24;66642;815642;sbellhouse1f@multiply.com;26227706;6549 Corry Circle
53;693799aa-ef9f-4cae-aa05-78afffde90f5;Όμηρος;Μερκουρίου;Άρρεν;4204;3;Σγός;1;Ι;99229401;350;35,02400974;32,9944103;1;5;8;6;;8;1;6;1;5;0;;;7;0;8;0;10;3;9;0;2;;;;3;0;0;3;10;8;29/06/1995;728038;16/7/12;25/5/22;93155;568230;rleith1g@chicagotribune.com;22324843;6550 Bluejay Parkway
54;2d7c5dbd-5592-460b-aac2-fc4b7369dafb;Βρυώνης;Γεωργίου;Άρρεν;7686;3;Σγός;4;ΜΑΕ;99256723;370;34,9278043;33,12700559;0;8;3;4;;7;;2;7;8;5;;;0;8;10;3;9;;;;1;;;;3;;4;9;7;3;05/11/1984;437985;26/1/15;4/12/24;19200;323127;lchaulk1h@indiegogo.com;25435163;0 Sunnyside Point
55;28c74fa7-ffbf-4bf1-88d5-e101a2ecfb48;Σωτήρης;Μαυρίδης;Άρρεν;7098;3;Σγός;10;ΕΑ;99278685;370;34,86955523;33,27459197;;5;10;9;;9;;3;9;8;9;5;9;5;0;6;1;7;;;5;9;;;;10;0;2;1;4;;12/06/1973;668472;28/4/19;6/3/29;10715;912834;scale1i@answers.com;22291769;5 Cottonwood Drive
56;5c350d68-78c5-4932-a451-0f5d9a8fa614;Βασίλειος;Πέτρου;Άρρεν;3600;1;Ασμχος;1;Ι;99738793;360;35,16181799;33,36005362;;1;3;3;;9;;6;4;1;7;2;5;5;2;7;10;3;;;4;1;;;;1;7;6;7;7;5;26/10/1999;175718;18/9/18;27/7/28;93584;442757;rfettiplace1j@miitbeian.gov.cn;23751021;484 Summerview Terrace
57;a50ba6ed-0929-4153-9635-a03e5066c177;Ζήνωνας;Παπαλεοντίου;Άρρεν;3833;5;Ανθσγός;11;ΤΕΑ;99249338;360;35,19877431;32,86048622;4;7;9;2;;4;;6;4;4;1;0;1;3;9;4;7;1;;;;;;;;5;4;4;7;5;10;29/12/1991;665261;22/3/17;29/1/27;78138;897540;sduckerin1k@tumblr.com;26394618;3 John Wall Way
58;31fbd77d-0d06-4290-8a55-583cb814cec7;Παύλος;Τζιωνής;Άρρεν;4334;4;Υπσγός;5;ΤΜΜ;99213320;350;34,87330673;33,29071387;9;0;5;5;;9;;7;9;7;3;7;2;4;9;7;9;3;;;;;;;;9;;2;6;7;7;03/03/1983;755544;31/8/15;9/7/25;41277;364169;bavarne1l@topsy.com;23663470;5 Corben Terrace
59;1f6fc8d3-2d9a-4e09-9167-084a3e1f2c8d;Μαρία;Παντελίδης;Άρρεν;7012;9;Ασμίας;8;ΥΠΛ;99427221;370;34,67097909;33,05944;1;2;9;10;;7;10;9;0;5;2;1;10;;;5;6;0;;;10;6;;;;4;8;7;5;;9;04/10/1972;738454;25/2/18;4/1/28;16481;778773;gsivier1m@deviantart.com;23455184;87866 Forest Dale Trail
60;e21c2d07-8964-43d5-b794-216010df1b03;Γεωργία;Μυριάνθους;Θήλυ;8292;8;Ανθ. Γ';6;ΤΤΗ;99148439;350;34,74996472;32,69786902;4;0;7;3;;5;10;7;9;2;7;7;10;;;10;3;0;;;;9;;;;10;7;;1;3;;16/11/1971;342529;6/4/15;12/2/25;16122;464076;amaccrann1n@wiley.com;24973501;597 Almo Avenue
61;306b2998-2779-4426-a745-7f1656afee0d;Βαρβάρα;Καλλέργης;Άρρεν;5810;1;Ασμχος;2;ΜΑ;99212013;360;35,17744742;33,15091954;10;2;7;0;;8;1;4;1;6;3;9;8;3;9;10;5;2;;;6;1;;;;7;10;;7;8;4;24/09/1975;228457;12/5/19;20/3/29;86337;177423;ccheatle1o@bloomberg.com;26950482;9 International Circle
62;c793fc2c-0cc1-42ff-8d04-74582d7249a7;Αθανάσιος;Βασιλείου;Άρρεν;3070;10;Εσμίας;12;ΤΜΣ;99656916;370;35,04459224;33,11574601;6;8;5;9;;9;2;6;;;8;1;1;2;1;;;9;;;0;;;;;7;;;7;;2;11/07/1975;659747;14/10/10;22/8/20;61739;903145;ccatlin1p@nytimes.com;23958115;54370 Hanson Plaza
63;2e4867ee-3fd7-4f3d-970f-97fc1f5f64ad;Ιωάννης;Ευρυβιάδης;Άρρεν;2311;9;Ασμίας;6;ΤΤΗ;99518583;360;34,90599611;32,88451443;5;4;0;0;;3;2;9;;;6;5;1;10;6;5;5;8;;;0;1;;;;8;6;10;7;8;7;27/02/1974;352997;18/12/17;27/10/27;18617;740497;sdeverell1q@purevolume.com;25295442;9995 Manitowish Alley
64;1588c508-f81f-46b3-b77f-2e9e1c7930b6;Γεωργία;Παπαγεωργίου;Άρρεν;2316;10;Εσμίας;11;ΤΕΑ;99294164;350;35,2112714;33,02781146;2;2;4;4;;6;9;6;;;7;1;1;10;8;6;0;0;;;;6;;;;;4;8;10;10;;12/12/1972;409013;12/10/13;21/8/23;62756;676517;gledekker1r@plala.or.jp;25222883;436 Westridge Hill
65;28b3e984-7edb-4f90-a411-03cccb641f17;Νεόφυτος;Καμέρης;Θήλυ;5643;5;Ανθσγός;9;ΣΛ;99624962;350;34,90205034;33,38798994;3;7;2;0;;2;7;4;;;9;3;9;9;7;1;4;1;;;7;9;;;;6;8;2;4;8;0;16/04/1991;326544;6/10/13;15/8/23;95913;619201;bchaffin1s@blinklist.com;26130973;37 Blue Bill Park Pass
66;378edb6c-0910-45a0-a69c-0089f95b9a4f;Μαρία;Χατζηνικολάου;Άρρεν;8313;6;Ανθ. Α';1;Ι;99128137;360;34,81747638;32,78284442;1;1;10;5;;5;10;5;;;10;9;6;7;1;5;3;5;;;;0;;;;8;10;4;7;;1;24/07/1992;328747;28/9/19;6/8/29;37432;542632;cmarklow1t@google.com;22193878;02 Meadow Valley Alley
67;e280bf9e-15db-4a39-8d22-284e4d537d59;Μαρία;Πολυδώρου;Άρρεν;6699;9;Ασμίας;3;ΜΗ;99542330;370;35,02881252;33,19755077;7;7;3;5;;6;10;8;;;5;7;2;;;10;10;0;;;0;4;;;;;;4;10;;4;12/11/1996;596154;26/4/15;4/3/25;75414;377591;gmccomb1u@twitpic.com;23658207;599 7th Place
68;aca34283-a12e-4a85-a45c-04d08f0ec8d9;Χαράλαμπος;Βανέζη;Άρρεν;7795;9;Ασμίας;4;ΜΑΕ;99128983;360;34,78208108;33,35562496;;3;4;8;;0;8;4;;;;6;8;1;0;3;1;6;;;6;7;;;;2;1;2;1;4;8;29/05/1973;472905;24/8/14;2/7/24;43686;158427;sjills1v@yellowpages.com;22697181;53 Di Loreto Court
69;946e4fc8-c700-46c0-8ac3-8c0d82ab70e6;Αθανάσιος;Δημοσθένους;Άρρεν;8156;7;Ανθ. Β';5;ΤΜΜ;99212036;370;34,79677599;32,9273512;;2;10;10;;9;8;7;6;6;;5;5;1;7;;;9;;;2;6;;;;7;8;1;5;4;0;16/01/1985;585742;3/4/11;9/2/21;78162;543368;gtumility1w@webmd.com;24372744;35 Toban Drive
70;d7c4bca1-b026-4d48-b5b0-40c7c1ffbdfa;Βρυώνης;Πολεμίτης;Άρρεν;8527;7;Ανθ. Β';7;ΤΟΠ;99966985;370;35,00598881;33,07342212;;7;3;9;;6;10;0;3;4;;9;4;2;2;9;2;6;;;5;8;;;;5;10;0;9;7;0;01/11/1981;432663;10/6/15;18/4/25;62281;243390;hvanderhoeven1x@hibu.com;26836380;02832 Judy Trail
71;f97a8280-d595-480c-b995-77368d186a4f;Ειρήνη;Πετρίδου;Θήλυ;8326;5;Ανθσγός;4;ΜΑΕ;99474355;350;34,99287662;33,31361734;4;1;7;8;;8;0;5;1;7;;3;4;9;3;7;2;7;;;5;7;;;;3;10;1;4;1;9;12/10/1973;707294;12/3/13;19/1/23;40882;866351;pantonio1y@ovh.net;22139698;40 Brown Street
72;b4fca382-3562-472c-b785-21f64cef6d35;Νεκτάριος;Κλόκκαρης;Άρρεν;8946;5;Ανθσγός;9;ΣΛ;99427279;360;34,99051321;33,10257093;6;2;;7;;3;3;6;5;8;;4;1;4;2;5;0;4;;;4;0;;;;6;7;10;6;5;1;17/12/1993;954804;12/10/16;21/8/26;83256;632219;cfaust1z@berkeley.edu;26565263;8101 Alpine Crossing
73;9e8d90b0-2880-44c9-8169-5ad12d1b5c3f;Λεωνίδας;Παπανδρέου;Άρρεν;8385;3;Σγός;11;ΤΕΑ;99952984;350;34,87047626;33,22525557;4;0;;3;;6;4;;8;4;;7;10;;7;10;8;7;;;2;0;;;;9;;4;7;0;4;10/08/1981;604103;10/10/18;18/8/28;52220;742383;edeminico20@dagondesign.com;25605008;642 New Castle Trail
74;e218d968-51dc-465d-8af0-a5afad3daaaf;Επαμεινώνδας;Χριστοδούλου;Άρρεν;1484;1;Ασμχος;11;ΤΕΑ;99374974;350;35,03014977;32,80069626;2;5;;0;;5;0;;8;10;8;3;10;;1;2;10;1;;;2;9;;;;4;1;9;8;3;2;17/05/1995;328987;12/5/11;20/3/21;37864;461490;vdeclerq21@google.com.hk;22345514;0 Annamark Circle
75;f7b24263-ea25-4eae-b2f9-82e6840cce20;Σεραφείμ;Αθανασίου;Άρρεν;4856;9;Ασμίας;6;ΤΤΗ;99221007;350;34,83842421;33,1017283;;5;;6;;5;9;;6;6;7;9;6;9;2;5;7;5;;;3;6;;;;2;7;9;9;4;10;20/10/1984;538736;9/12/17;18/10/27;80176;772449;ljolin22@dedecms.com;22625169;9 Sommers Point
76;75aa3f88-1ba1-408d-b45b-c6a15448c6d9;Ελευθέριος;Λαζάρου;Άρρεν;5002;7;Ανθ. Β';5;ΤΜΜ;99731514;370;34,97463257;32,71919277;;8;7;7;9;8;10;3;2;8;6;8;0;2;2;0;;;;;0;2;;;;7;1;9;3;6;5;17/11/1980;659035;13/6/13;22/4/23;37953;793106;nkingsworth23@angelfire.com;24941690;3649 Little Fleur Road
77;c7e8c489-2b60-41d0-a664-34e71ae8a424;Νεόφυτος;Γεωργίου;Άρρεν;6659;5;Ανθσγός;8;ΥΠΛ;99118272;350;35,06517121;33,12356377;9;7;0;0;5;6;2;5;6;9;7;10;4;5;2;0;7;;;;8;0;;;;4;7;6;9;2;8;22/02/1989;935171;12/7/18;20/5/28;40333;873039;lcawcutt24@blogger.com;25266810;0 Corry Pass
78;5fea0f41-75fd-4cc8-9d2b-9b7e40c2b563;Βασίλειος;Αλεξίου;Άρρεν;3849;8;Ανθ. Γ';5;ΤΜΜ;99216838;360;34,94038519;32,84164199;0;1;7;3;7;7;5;0;3;4;10;9;7;9;3;9;7;9;0;8;2;2;;;;5;5;8;1;1;2;28/10/1995;612954;2/1/16;10/11/25;15081;377828;epluvier25@sakura.ne.jp;25207114;45 Hallows Way
79;3252bbb6-7858-46f1-b944-f23fe035c32e;Σωτήρης;Λοϊζου;Άρρεν;9374;6;Ανθ. Α';10;ΕΑ;99278619;360;35,00597101;33,36019824;9;3;1;0;1;3;0;6;1;9;1;10;8;7;;10;3;5;2;1;6;9;;;;8;10;6;10;10;7;11/03/1982;327000;1/11/11;9/9/21;43062;167848;ybrockhurst26@illinois.edu;22993238;098 Summerview Terrace
80;c279da2c-2ccb-4e05-9fb1-83e2319d98b5;Γεώργιος;Ιακώβου;Άρρεν;8789;3;Σγός;4;ΜΑΕ;99182150;370;35,16431856;33,0288029;10;;2;;5;9;4;5;2;10;0;;6;8;7;1;2;10;4;10;5;4;;;;4;5;10;7;4;9;14/12/1974;825790;4/4/15;10/2/25;30272;861084;hdivers27@cyberchimps.com;22970543;68044 Pleasure Point
81;5b3fd1db-787e-422f-941b-b00e29635369;Βαρβάρα;Σταματίου;Θήλυ;1362;5;Ανθσγός;1;Ι;99911433;360;35,19208995;33,34448809;4;;10;;7;4;4;9;6;10;;;4;10;0;;3;9;9;4;0;4;;;;;;;;5;10;12/04/1988;209814;26/5/12;4/4/22;23084;494625;cnaisbit28@yelp.com;22342742;0 Blue Bill Park Drive
82;32afa8e3-22f3-4248-adcf-484c5ccc1d37;Επαμεινώνδας;Ιακωβίδης;Άρρεν;4633;9;Ασμίας;1;Ι;99665141;360;34,99170863;33,15273555;8;;5;;5;7;;6;9;2;;;7;0;5;8;8;6;3;8;5;2;;;;;;;;2;4;11/10/1994;259686;14/3/15;20/1/25;96817;450154;csliman29@ameblo.jp;23316727;289 Mallard Street
83;6808be3d-5c13-4293-90ea-f0de4d7c60ca;Σταμάτης;Αλεξίου;Άρρεν;3216;8;Ανθ. Γ';3;ΜΗ;99985856;350;34,89122573;32,75329133;4;;8;;1;2;;0;7;0;;;5;4;8;7;3;5;6;6;1;5;;;;0;1;4;;4;8;14/10/1989;672025;27/7/15;4/6/25;24252;148475;bwaldie2a@unblog.fr;26953897;0 Claremont Junction
84;3326ff95-6738-4584-997c-fb14d7440da3;Χρίστος;Τζιωνής;Άρρεν;5691;1;Ασμχος;2;ΜΑ;99466026;370;35,1653114;32,94079975;3;;7;9;0;3;0;0;2;3;7;3;10;1;10;4;8;9;;;0;2;;;;6;3;6;4;4;10;20/08/1994;226332;14/8/14;22/6/24;30966;695654;ppaike2b@time.com;25557230;53253 Farmco Junction
85;66187d65-1330-48a0-911a-18bfbc8e0251;Μάριος;Πετρίδης;Άρρεν;5144;6;Ανθ. Α';8;ΥΠΛ;99358186;370;34,81110451;33,21856747;7;;6;1;2;6;5;9;5;2;0;5;4;8;;2;2;8;;;7;2;;;;3;7;5;7;9;1;24/08/1980;173935;24/4/17;3/3/27;65157;776730;rjerzak2c@elegantthemes.com;24305827;08 Hovde Trail
86;90604cd6-0c36-42ba-a13f-72cf290ed01b;Μαρία;Χαραλάμπους;Θήλυ;4115;1;Ασμχος;12;ΤΜΣ;99845233;350;34,94176701;33,28703458;8;2;1;2;6;0;5;5;10;1;9;4;5;7;0;;7;1;;;;;;;;8;;;7;10;8;15/05/1984;442255;17/10/19;25/8/29;48787;108510;nhincks2d@yellowbook.com;23645938;706 Holmberg Point
87;3eedee22-777f-4fe3-b326-d55dc3f19b80;Βασιλική;Γαβριήλ;Θήλυ;4769;10;Εσμίας;6;ΤΤΗ;99137185;360;35,11933406;33,13400239;3;7;2;9;9;;9;8;9;1;3;10;8;9;7;;9;8;3;10;7;9;;;;5;4;0;5;8;10;21/03/1982;628240;14/10/11;22/8/21;93297;805980;fkasbye2e@slashdot.org;26175884;1 Morrow Pass
88;c433de33-3c0e-4581-be9f-dda9a49d3a47;Κωνσταντίνος;Λοϊζου;Άρρεν;5740;6;Ανθ. Α';7;ΤΟΠ;99249735;360;34,99335834;32,97279932;6;0;0;6;3;8;0;0;8;4;10;8;7;7;2;9;8;3;3;3;0;3;;;;1;2;2;;2;6;14/12/1988;635011;27/10/15;4/9/25;79983;304547;prubanenko2f@over-blog.com;24693951;920 Prairieview Place
89;0d7bd447-1e19-4afd-9842-75fa648a7372;Σεραφείμ;Χατζηνικολάου;Άρρεν;6286;1;Ασμχος;5;ΤΜΜ;99312078;370;34,83274604;32,87176146;7;10;6;5;4;1;6;6;0;4;3;0;2;3;;2;6;3;10;8;0;6;;;;4;3;;6;7;4;16/05/1991;410511;14/9/12;24/7/22;98568;343481;kdasent2g@digg.com;23444398;26 Gulseth Point
90;cbc42b20-c946-4f18-8ffa-dbdb1528d251;Εμμανουήλ;Καλλινίκου;Άρρεν;9125;9;Ασμίας;10;ΕΑ;99381495;350;34,79349575;33,29801811;10;0;8;4;;4;3;;2;;6;7;0;7;2;1;6;3;10;4;5;10;;;;;0;;2;4;9;16/04/1985;247804;6/4/11;12/2/21;12238;810772;nwhewell2h@dagondesign.com;26300766;089 Nobel Court
91;dd917aef-274e-4fcf-bab5-bff8d99750da;Γαβριήλ;Τζιωνής;Άρρεν;3291;3;Σγός;11;ΤΕΑ;99230745;370;34,90750148;33,32703873;3;4;6;6;;3;2;;10;4;6;2;3;5;0;10;10;5;3;2;8;9;;;;7;9;1;2;8;4;20/01/1999;813361;16/9/15;25/7/25;40681;381675;ccross2i@indiatimes.com;26147427;12 Dryden Pass
92;d37b39de-fe0c-430a-aada-54003756b15d;Δημοσθένης;Χριστοδούλου;Άρρεν;7471;10;Εσμίας;5;ΤΜΜ;99742468;350;35,03257985;32,73627959;8;10;9;2;;4;1;;0;10;4;;;10;;3;;;3;10;10;9;;;;6;;9;;3;1;14/06/1989;186735;3/2/16;12/12/25;64504;523627;lbortoluzzi2j@wisc.edu;24222286;3389 Graedel Alley
93;858da715-d842-49ce-9fd4-ffe37596cff3;Προκόπιος;Σταματίου;Άρρεν;7440;2;Επγός;7;ΤΟΠ;99890978;370;35,04262668;32,79149747;;5;2;5;9;5;2;1;1;2;0;;;1;8;7;;;3;2;3;0;;;;6;8;5;0;2;0;14/04/1986;174004;19/9/17;29/7/27;38104;899082;ahannent2k@howstuffworks.com;26875544;961 Northland Lane
94;2a0b8f5b-3cf3-473c-8583-2522b3c32afe;Ορέστης;Βανέζη;Άρρεν;7976;5;Ανθσγός;7;ΤΟΠ;99522245;350;35,07239276;32,81682253;8;2;6;9;8;10;10;3;8;0;4;;;9;0;10;;;8;;;;;;;3;7;4;3;;1;25/09/1997;641853;22/10/11;30/8/21;29111;970493;avail2l@mtv.com;22562852;2 Valley Edge Park
95;2c5658e0-9e48-47a6-8a0a-6191b39e5f41;Ζήνωνας;Παφίτης;Άρρεν;2496;7;Ανθ. Β';11;ΤΕΑ;99175611;350;35,12495685;33,2878307;6;9;2;;7;1;3;0;9;9;1;6;2;8;4;5;4;1;0;;;;1;6;1;6;7;0;;10;3;22/10/1999;822593;21/6/13;30/4/23;96942;130835;cknightsbridge2m@prweb.com;22226804;122 Amoth Place
96;716a8df1-9edb-4b82-9c56-5e76d3264d87;Βαλεντίνος;Σταματίου;Άρρεν;8258;7;Ανθ. Β';10;ΕΑ;99729910;360;34,75285495;33,08696681;0;6;10;0;4;4;1;4;5;1;1;;8;8;;9;6;0;2;0;0;0;4;0;1;10;8;;0;5;3;07/11/1974;652520;5/5/10;13/3/20;81390;237583;bhutley2n@aol.com;25956675;61 Sachtjen Lane
97;66143cf1-2444-4344-945d-4cc5aa28cb5a;Ονούφριος;Παπανεοφύτου;Άρρεν;2990;4;Υπσγός;7;ΤΟΠ;99399394;370;34,74672237;33,1375102;10;1;10;2;1;5;1;9;;;0;6;8;4;0;6;1;3;6;0;2;0;7;6;6;6;6;3;7;;8;11/04/1982;679058;3/2/10;13/12/19;81829;111889;dlangfitt2o@aboutads.info;26973457;97671 Texas Avenue
98;d3f98af5-c2f8-44a2-a864-a253423974b8;Σωτήρης;Παπαναστασίου;Άρρεν;5229;7;Ανθ. Β';3;ΜΗ;99880216;350;34,82630548;32,72826427;6;9;6;4;5;10;6;10;5;9;8;5;6;8;7;;6;2;7;1;0;5;8;4;5;2;;5;;6;4;14/09/1990;275257;26/11/12;5/10/22;49988;936797;lmatyushonok2p@virginia.edu;24876630;7070 Mayer Way
99;4972162c-1313-458d-9d59-59b8970c299f;Παύλος;Παυλόπουλος;Άρρεν;3294;1;Ασμχος;7;ΤΟΠ;99679505;360;35,128475;33,28648591;3;10;1;;0;9;2;8;;7;9;7;5;3;;8;3;7;9;7;;;1;;8;2;6;1;1;2;2;28/04/1998;251434;25/7/11;2/6/21;88583;930604;ldeble2q@unicef.org;26257980;770 Anthes Street
100;1dcf2d35-dabb-4df2-97b6-9cfb0ec5f3f3;Κωνσταντίνος;Μαυρίδης;Άρρεν;7465;6;Ανθ. Α';6;ΤΤΗ;99456648;360;34,79816714;32,70431193;7;7;;7;8;4;6;6;6;10;8;;1;0;2;1;10;3;6;;3;6;9;3;8;;9;;6;;3;20/02/1997;124416;12/8/17;21/6/27;57837;599701;lgaskins2r@moonfruit.com;25862500;911 Doe Crossing Place
101;711f93fe-b878-43a4-be38-631b73321ba8;Σεραφείμ;Θεοδούλου;Άρρεν;1665;8;Ανθ. Γ';4;ΜΑΕ;99481469;370;34,96403179;33,30518051;0;2;;3;7;6;1;8;9;6;2;7;8;2;5;;3;10;3;3;0;3;;;2;6;7;9;10;2;6;15/10/1993;346164;2/11/17;11/9/27;15128;611035;jcoldridge2s@a8.net;22425936;022 Talmadge Court
102;05ccc344-fbb8-4460-ad69-08d60c8507ab;Παυλίνα;Θεοδούλου;Θήλυ;6058;10;Εσμίας;4;ΜΑΕ;99323503;360;35,10097052;32,90815855;2;9;;9;9;;7;8;3;2;7;;10;4;9;4;9;1;1;7;;;0;0;;3;0;0;;3;7;15/02/1988;496777;22/6/17;1/5/27;60617;733226;adowry2t@wufoo.com;23780645;57 Sage Parkway
103;1b1ef4ab-3116-421a-8ea7-0bad3661cbfe;Ζήνωνας;Κυριάκου;Άρρεν;5264;2;Επγός;6;ΤΤΗ;99982855;370;34,75419395;33,1421163;0;0;;;7;;5;3;10;0;;4;4;6;;5;1;9;3;8;1;7;0;;1;7;1;8;3;10;1;07/09/1989;491196;8/10/16;17/8/26;18249;759413;ccastellucci2u@microsoft.com;25168780;4354 Rusk Drive
104;697d15f3-9da7-42a4-8b8d-f43b251eb16f;Χριστόδουλος;Ιακώβου;Άρρεν;4390;6;Ανθ. Α';7;ΤΟΠ;99267377;370;34,9683239;33,45018946;;8;;5;3;;9;7;0;0;3;1;8;;0;;5;6;;4;9;0;3;9;0;9;3;2;0;;1;15/05/1984;278846;2/1/18;11/11/27;71439;316936;jlinney2v@woothemes.com;24437616;28212 Lerdahl Point
105;355d8042-2142-49c6-9f3c-39ab5e917aa0;Χρίστος;Νεοφύτου;Άρρεν;6858;10;Εσμίας;7;ΤΟΠ;99710262;350;34,68232273;33,18157254;1;10;;9;;;2;;8;7;4;10;;1;1;;;;;1;5;9;9;10;0;9;3;3;8;1;2;09/02/1999;573467;10/12/10;18/10/20;62677;950411;fgladdifh2w@latimes.com;25574412;1 Lerdahl Parkway
106;b3751d7b-68ce-4fe1-99b1-5ffd145706d0;Λοϊζος;Παντελίδης;Άρρεν;2019;1;Ασμχος;6;ΤΤΗ;99402871;370;34,80349554;33,37806715;0;4;;5;1;2;9;4;5;4;6;5;1;1;4;;;9;7;;;10;;6;3;5;9;8;2;6;0;30/07/1993;321633;6/1/11;14/11/20;65307;903909;blimpkin2x@guardian.co.uk;23295286;7 American Lane
107;01ae8ee7-f20e-4a56-90b9-9c82cf636c6b;Ζήνωνας;Θεοδούλου;Άρρεν;3655;7;Ανθ. Β';5;ΤΜΜ;99166813;360;34,89143115;32,81723052;10;1;;5;;3;4;2;;4;;6;3;3;0;;;7;2;;;7;7;9;0;3;;;1;3;8;24/10/1998;544618;10/3/11;16/1/21;92391;502170;zsturch2y@tripadvisor.com;25700486;05562 Bartillon Parkway
108;bd19049c-2a27-4b0b-9130-f4dba378df95;Κυριακή;Μυριάνθους;Θήλυ;1018;3;Σγός;8;ΥΠΛ;99675850;350;35,03337674;32,87560135;0;2;;9;6;8;10;9;7;6;;2;1;3;;;6;1;9;;;10;4;;9;3;;;;1;7;20/11/1990;883860;19/11/15;27/9/25;45319;845533;wwalding2z@digg.com;24775474;89542 Pennsylvania Court
109;1de0b990-9286-417b-b485-3427c13b54a9;Νεκτάριος;Παντελίδης;Άρρεν;6198;1;Ασμχος;4;ΜΑΕ;99599195;370;34,895695;33,13032152;3;4;;8;;1;7;8;3;4;7;5;3;2;7;0;10;6;;;;1;3;9;1;1;;;;8;8;10/12/1985;229751;6/2/19;15/12/28;24217;317167;fmontgomery30@gnu.org;22661684;679 Granby Drive
110;965a4307-8b5d-4ab2-ac18-32c73927849f;Ευάγγελος;Πολεμίτης;Άρρεν;8559;3;Σγός;6;ΤΤΗ;99166333;350;34,68577389;33,04548671;3;3;;5;7;3;0;9;6;8;7;;3;4;0;4;;;0;;;;;8;6;9;;;;5;8;30/11/1974;734766;25/10/13;3/9/23;84664;672594;edoogan31@devhub.com;25733228;2 Doe Crossing Crossing
111;65c03158-a3c2-46cd-a6d1-cd9791531249;Νεόφυτος;Χρυσοστόμου;Άρρεν;2785;7;Ανθ. Β';11;ΤΕΑ;99157303;370;34,68441505;33,40732794;5;10;;5;3;10;1;7;0;0;6;2;0;0;4;9;6;6;;;;1;7;0;8;1;8;9;0;9;10;05/04/1991;683427;14/12/15;22/10/25;23914;649961;wravilious32@mac.com;23109501;7568 Ridgeview Hill
112;2cbb48e9-e575-4f33-ae99-1fa504647158;Γαβριήλ;Νικολάου;Άρρεν;7066;1;Ασμχος;8;ΥΠΛ;99459601;350;35,07288758;33,15695559;;1;3;4;2;;8;;;;3;1;0;0;1;;3;8;1;6;8;10;7;;1;3;3;10;0;7;9;04/03/1974;309505;14/10/11;22/8/21;43459;183403;ggush33@state.gov;25667864;96933 Mosinee Street
113;f32036fa-9da4-49ae-92cb-3419ce573f54;Βρυώνης;Παπαδημητρίου;Άρρεν;8888;3;Σγός;3;ΜΗ;99468297;360;34,8981031;32,72994133;8;6;8;7;;5;7;4;5;2;;8;1;0;1;1;9;0;4;6;0;5;8;;8;4;2;5;7;1;2;21/01/1979;414217;6/9/11;15/7/21;21606;908903;jdempsey34@hibu.com;23975998;54 Cottonwood Terrace
114;730b1cfd-6150-483d-b19e-ccf98f7cfa57;Αθανάσιος;Αβερκίου;Άρρεν;3958;2;Επγός;2;ΜΑ;99993015;360;34,96496918;32,92203424;9;1;4;7;8;0;1;3;9;;9;10;8;2;3;7;;;1;5;2;;4;6;9;3;;;3;1;4;16/05/1998;468176;7/12/16;16/10/26;77718;987560;kmccray35@army.mil;25199681;0286 American Court
115;022b6efc-8e7f-442a-b39b-93f4847e7207;Γαβριήλ;Ιακώβου;Άρρεν;4866;9;Ασμίας;11;ΤΕΑ;99720258;370;34,98201429;33,07500111;0;3;5;3;1;4;1;;5;1;10;9;;4;1;9;;8;;10;2;8;2;5;5;4;3;5;5;5;7;27/05/1976;998498;30/11/13;9/10/23;60655;720535;sfleg36@youku.com;25990909;6 Steensland Street
116;4def1c70-5729-409c-b258-7cf165969948;Νεκταρία;Παύλου;Θήλυ;8105;6;Ανθ. Α';4;ΜΑΕ;99855698;370;34,93306834;33,14707439;10;5;1;0;5;6;;6;1;;5;;5;7;;7;10;3;1;;5;4;9;5;7;9;9;3;3;2;4;02/04/1996;466867;16/11/13;25/9/23;59952;919291;dlaviste37@yandex.ru;24215508;9 Sunbrook Lane
117;648c3165-5ac8-4b0e-9b73-a84302992d53;Ιωάννης;Κλόκκαρης;Άρρεν;8386;9;Ασμίας;3;ΜΗ;99668474;370;34,72516205;33,15542633;0;;;;0;;4;7;9;3;6;8;8;2;6;;4;;1;1;9;;;2;9;6;5;2;4;7;0;12/02/1995;677781;23/4/13;2/3/23;43099;547248;gworsfield38@nifty.com;23950397;3 Manley Court
118;c4f8bf58-049d-4282-b2d7-1548bc692f20;Προκόπιος;Παπαγεωργίου;Άρρεν;5186;8;Ανθ. Γ';4;ΜΑΕ;99679192;350;35,148163;33,02098751;;4;8;8;1;8;3;3;8;1;10;3;7;4;;;4;3;;0;0;1;3;;;;4;6;;3;1;05/08/1993;794532;30/8/10;8/7/20;46200;994757;nbucher39@squidoo.com;23481930;74572 Miller Way
119;f5cd0aab-0b24-4d87-b5bf-54ea73386e97;Γεωργία;Ευριπίδου;Θήλυ;3721;10;Εσμίας;12;ΤΜΣ;99616220;370;34,9974589;33,17090856;;9;1;1;8;10;8;1;4;7;6;0;5;9;;;;2;6;1;;7;0;;;;4;;9;1;8;04/04/1998;661992;19/1/15;27/11/24;63833;113797;swestoll3a@illinois.edu;26896616;30 Arrowood Center
120;475195c9-31cc-420e-9069-94fbfb1e4c67;Χαραλαμπία;Χατζηνικολάου;Θήλυ;3074;9;Ασμίας;8;ΥΠΛ;99302507;360;34,99907405;32,76375066;7;9;7;9;6;10;;;3;;;;1;6;;;;0;1;10;1;9;1;;;;2;8;5;1;8;07/11/1990;171215;31/12/15;8/11/25;93928;774896;lmorrott3b@flavors.me;23291385;9 American Parkway
121;24a8301d-22d8-48ec-9f51-4dc398423f4a;Άγγελος;Χρυσοστόμου;Άρρεν;2422;9;Ασμίας;8;ΥΠΛ;99984777;370;34,82508778;32,98822097;4;6;0;6;9;8;5;0;2;5;2;10;7;6;;;4;;6;;7;8;0;;;;8;5;4;1;5;09/12/1976;931565;24/2/16;2/1/26;56777;278101;dcarnelley3c@businessweek.com;22383492;499 Gulseth Junction
122;13754fb6-ad5f-4b47-97d1-c954eec9126d;Βασίλειος;Ευρυπίδου;Άρρεν;1889;8;Ανθ. Γ';12;ΤΜΣ;99116776;350;34,88844812;33,30445044;1;;5;10;4;2;;;8;8;5;0;6;;;;2;;2;3;1;2;9;;;;4;8;10;5;8;27/11/1972;895176;10/11/11;18/9/21;53043;160423;lluce3d@xing.com;24527392;77 Debra Place
123;af298111-5e71-423b-87f9-2867a61e6f9c;Ορέστης;Χρυσοστόμου;Άρρεν;9884;9;Ασμίας;9;ΣΛ;99580321;370;34,79770011;33,06176689;1;8;0;0;5;2;2;;8;6;1;2;1;9;3;2;6;5;1;7;8;;;1;9;6;4;0;4;;4;05/03/1980;321557;26/11/18;4/10/28;53537;229547;flilley3e@cam.ac.uk;23996092;6030 Dexter Alley
124;98ccdfcc-3e7f-41ef-9b05-495c55c49b94;Γεωργία;Νεοφύτου;Θήλυ;2940;10;Εσμίας;8;ΥΠΛ;99716781;350;35,00988396;33,06855731;10;4;4;8;5;8;3;4;5;;;;4;5;;4;9;1;;6;;6;5;8;10;4;;1;9;5;10;21/11/1972;408059;3/1/19;11/11/28;47027;839378;aodonohue3f@ebay.co.uk;22777785;71 Prairie Rose Plaza
125;866e982c-c8a7-46bb-bdb0-bb67deed6de5;Βασιλική;Πολεμίτη;Θήλυ;1320;6;Ανθ. Α';7;ΤΟΠ;99461612;360;35,03286707;33,36219632;2;3;9;3;5;9;6;1;5;9;;4;5;5;8;7;4;2;7;0;6;6;3;0;1;9;10;9;10;5;10;03/12/1994;252405;14/8/11;22/6/21;56331;148792;fkemball3g@wikimedia.org;24151323;96724 Dahle Trail
126;67aac72d-9bc0-4265-b916-ba5a02eba19a;Βασιλική;Αλεξίου;Άρρεν;6292;2;Επγός;8;ΥΠΛ;99913131;360;35,07668462;32,97392393;10;2;6;9;;3;3;1;5;10;4;8;2;7;2;5;;10;8;9;9;;3;;;2;2;2;;6;0;16/01/1971;433731;6/5/16;15/3/26;38963;104479;rgrisard3h@youtu.be;24873189;240 Forest Run Place
127;b0f219ab-4abe-4043-a506-6213de173fd1;Λοϊζος;Δημητρίου;Άρρεν;3580;4;Υπσγός;10;ΕΑ;99537249;350;35,04485631;33,24703627;10;4;3;;2;;10;;10;5;;9;;5;;4;2;3;5;10;9;4;9;2;9;3;9;;3;1;4;27/01/1972;324130;24/3/18;31/1/28;42676;199967;jblight3i@cpanel.net;24142773;130 Vermont Center
128;8537ecea-b05f-410e-b96e-f0fa0b0b677f;Θεοχάρης;Χρυσοστόμου;Άρρεν;6794;4;Υπσγός;10;ΕΑ;99977040;360;35,20273483;33,37217394;5;10;6;;3;;2;4;3;9;1;7;3;0;0;;4;10;2;8;1;;1;6;0;;;6;10;0;10;30/03/1989;476101;13/11/18;21/9/28;53888;634910;lshah3j@newyorker.com;22529913;2204 Everett Place
129;25606797-3149-43af-b77e-bc844cc00671;Ευάγγελος;Προκοπίου;Άρρεν;4506;10;Εσμίας;12;ΤΜΣ;99282313;350;34,73028455;33,14022573;9;;7;9;0;0;5;;10;;0;10;6;2;0;3;;5;8;0;7;8;1;;5;9;8;6;10;3;8;25/04/1986;427441;11/7/19;19/5/29;29520;178428;ccollinge3k@google.com;23807134;6889 Golf View Place
130;52054c94-9fa8-46ae-a63d-43753ef968ed;Προκόπιος;Πέτρου;Άρρεν;6328;2;Επγός;12;ΤΜΣ;99419782;360;35,1538567;32,98763579;4;;1;;1;0;;4;1;8;9;0;8;;;7;;4;;;4;8;7;6;5;5;5;5;;;7;21/12/1980;853263;14/3/12;21/1/22;20756;159117;vmaffey3l@devhub.com;26785983;56 Lyons Terrace
131;ba56da59-5816-4ae1-9d7f-25e76b6da7fa;Κωνσταντίνα;Παπακωνσταντίνου;Θήλυ;5136;8;Ανθ. Γ';2;ΜΑ;99390182;370;35,1242371;33,12944586;7;0;3;10;2;4;2;1;5;0;;9;6;2;9;0;0;;8;10;3;7;5;10;6;5;7;0;;;3;18/01/1983;659217;16/1/12;24/11/21;31734;353382;tgionettitti3m@cdc.gov;23713973;2964 Superior Street
132;7a36949f-a98c-483b-b287-fc8ed2f07889;Λοϊζος;Καμέρης;Άρρεν;3368;9;Ασμίας;9;ΣΛ;99316234;370;35,04481832;33,18270539;7;2;9;3;;;1;2;8;0;2;;;5;;4;7;2;3;5;3;;9;1;4;5;0;8;;;5;25/07/1994;214942;28/4/11;6/3/21;50845;833445;eheap3n@exblog.jp;25630075;7006 Vahlen Terrace
133;e8439092-5979-4250-a377-aca2f0594306;Σταμάτης;Παφίτης;Άρρεν;7411;1;Ασμχος;10;ΕΑ;99757452;350;34,8583299;33,27695359;10;5;4;;;7;3;;6;;10;1;1;5;0;6;;;2;;10;7;0;4;3;;;9;;;4;27/05/1973;668677;11/5/14;19/3/24;77958;714212;rbamlet3o@gravatar.com;22792352;4919 Lyons Park
134;3e82850f-aacd-451e-a3bb-8318ea308b8f;Γαβριήλ;Αθανασίου;Άρρεν;2488;6;Ανθ. Α';5;ΤΜΜ;99763482;370;34,78347728;33,34495767;8;;9;;;10;9;;3;1;9;2;8;;9;;8;6;8;6;10;9;4;9;6;;;8;7;8;4;10/07/1985;121155;13/11/15;21/9/25;24400;972193;jtidgewell3p@auda.org.au;23898191;1205 Annamark Trail
135;9fe707d8-a413-4067-ac7b-23bec0dc6b2d;Σταμάτης;Μυριάνθους;Άρρεν;1152;1;Ασμχος;7;ΤΟΠ;99286406;360;35,1373355;33,1330889;7;;7;4;3;10;6;1;1;8;0;2;0;10;5;10;4;7;6;8;4;9;8;;5;;;4;3;10;10;31/07/1980;769951;26/12/11;3/11/21;85022;702085;gaish3q@prlog.org;22653455;7543 Dunning Point
136;d0a8b10a-259a-42f3-857c-e17f64d01bfb;Χαραλαμπία;Αγγελίδη;Θήλυ;1181;4;Υπσγός;1;Ι;99737095;350;34,8354258;33,34500385;6;10;8;2;8;2;9;5;0;8;;;;10;;1;3;5;;2;2;7;9;2;2;;;;1;9;8;29/09/1975;780518;19/3/19;25/1/29;41461;416010;awadelin3r@photobucket.com;22898704;9 Chinook Circle
137;682e2c1b-84f6-45e0-b38b-5e988fcd71a5;Άντρη;Χριστοδούλου;Θήλυ;9962;10;Εσμίας;9;ΣΛ;99561455;350;35,01107843;33,28948037;8;1;10;1;;7;3;5;8;;8;;0;1;8;;4;6;7;;;7;0;4;3;;;9;10;4;1;08/09/1987;913071;23/8/18;1/7/28;88399;803402;ibecke3s@wordpress.com;23258556;67 Vermont Plaza
138;295940c6-f76a-4d0d-923f-3f07616eae87;Παυλίνα;Ευρυπίδου;Άρρεν;7725;9;Ασμίας;12;ΤΜΣ;99542756;370;35,25935451;33,2310089;7;4;9;6;6;3;;;6;10;7;9;7;4;9;6;10;1;10;6;1;;8;4;9;0;1;10;7;3;6;13/10/1983;430391;18/8/10;26/6/20;59926;503105;msmellie3t@livejournal.com;26466811;837 Jenifer Center
139;933729dd-27a9-4760-acb9-4e882371b3d2;Κυριάκος;Χρυσοστόμου;Άρρεν;5991;4;Υπσγός;8;ΥΠΛ;99165041;360;34,65007765;32,72955806;1;5;4;7;5;10;;;2;5;;2;0;4;3;0;6;;3;6;7;0;10;4;5;2;6;5;6;5;4;27/10/1988;295680;22/6/12;1/5/22;47330;521612;scullerne3u@seattletimes.com;23537439;468 Bartelt Avenue
140;a733476a-e232-4a46-a90f-3d1b9b4d6c96;Αθανάσιος;Σταυρινού;Άρρεν;5232;9;Ασμίας;9;ΣΛ;99590173;350;35,08129624;33,12289183;8;1;0;5;9;3;3;2;5;8;7;;10;6;0;;;9;7;1;;7;10;3;3;3;10;6;;;5;19/09/1984;657576;23/7/10;31/5/20;43406;102996;cghiriardelli3v@pen.io;22482279;5 Dapin Point
141;792a72ae-ccf5-4900-a662-6dedc2191310;Γεωργία;Δημητρίου;Θήλυ;3653;6;Ανθ. Α';4;ΜΑΕ;99128207;350;35,04248588;32,83620079;6;9;3;6;8;5;2;0;1;;4;9;0;;2;2;4;7;4;;9;0;7;4;9;1;8;9;;;3;02/04/1977;993043;26/6/18;4/5/28;47153;103580;tschwant3w@walmart.com;26936457;9 Veith Center
142;56d03144-ec46-4d21-9cb2-2b9be15015d6;Κωνσταντίνος;Σταυρινού;Άρρεν;8406;8;Ανθ. Γ';11;ΤΕΑ;99350211;350;35,22296458;33,28511721;7;6;0;4;8;5;4;5;1;4;2;1;;8;2;3;10;6;;10;5;1;9;;4;6;10;10;;;7;15/03/1987;274193;30/4/12;9/3/22;13786;137826;ekordova3x@etsy.com;24919126;8517 Kinsman Terrace
143;bbf835c9-67a3-4cb0-b921-aace40517401;Προκόπιος;Παύλου;Άρρεν;9121;8;Ανθ. Γ';2;ΜΑ;99726100;360;35,24174807;33,23401251;;8;3;7;1;3;1;10;;9;0;7;0;4;2;6;6;;9;7;;7;;5;9;1;8;1;;;7;14/01/1983;317668;20/2/16;29/12/25;96414;315626;alawlings3y@people.com.cn;24885462;49879 Fairfield Pass
144;a47dba1a-2363-4e3c-92c0-9ae47bb72346;Μαρία;Οικονόμου;Θήλυ;9082;7;Ανθ. Β';1;Ι;99234038;370;34,81011873;32,92812181;2;10;5;;1;10;6;5;6;4;8;;4;7;2;1;;5;5;7;0;1;8;9;10;3;4;3;1;3;10;28/08/1971;844535;7/3/18;14/1/28;72182;643631;carsmith3z@google.ru;26568338;555 Cardinal Avenue
145;491f80bf-7b2d-4cf4-9cb4-9425fcfb3f75;Γεώργιος;Αθανασίου;Άρρεν;7730;10;Εσμίας;4;ΜΑΕ;99828324;350;34,91571548;32,99012377;9;5;;;2;6;;10;4;;;1;10;8;10;7;0;1;6;8;3;3;3;0;9;7;5;0;2;5;3;07/06/1991;168906;9/3/13;16/1/23;23676;737673;voultram40@va.gov;25760479;3 Lillian Alley
146;d535a0fd-f060-416a-852e-8a6831baba1a;Όμηρος;Χατζηνικολάου;Άρρεν;6844;4;Υπσγός;5;ΤΜΜ;99353427;370;34,95865437;33,07956623;10;1;6;7;9;1;;0;8;8;1;4;8;9;10;;0;0;1;;9;0;2;;6;6;5;4;1;8;5;03/04/1973;950263;18/7/13;27/5/23;30050;188920;lenser41@geocities.jp;26648439;85 Autumn Leaf Court
147;0eb17bf0-1499-41b0-9d70-573897f01a49;Βαλεντίνα;Ευρυβιάδη;Θήλυ;1362;2;Επγός;4;ΜΑΕ;99595425;370;34,93839208;33,01835117;6;8;9;8;10;7;9;3;8;1;6;;5;;10;3;;10;1;4;3;4;3;9;;6;1;9;3;3;3;29/03/1975;900062;30/8/16;9/7/26;18803;732453;gkett42@google.com.br;22240019;81098 East Parkway
148;3fcd32cb-d6a6-402d-af0e-7056a9d9c461;Σίμος;Χατζηγιάννης;Άρρεν;4631;7;Ανθ. Β';1;Ι;99360758;370;35,21806918;32,87187952;5;2;3;9;8;5;9;4;2;9;7;4;3;0;2;0;7;3;6;1;;7;;9;5;8;2;6;1;7;9;11/10/1995;430111;11/10/10;19/8/20;39455;888586;sbernardoux43@umn.edu;22752041;2246 Hovde Alley
149;2fb8a2f8-7dcf-4c6e-91c1-ed2b89fad3d0;Μαρία;Δημητρίου;Θήλυ;9861;4;Υπσγός;7;ΤΟΠ;99593261;360;34,84842656;33,08957109;1;3;6;6;4;3;0;5;2;10;0;2;;0;9;10;2;8;6;;9;9;10;10;0;7;4;5;1;10;7;07/10/1984;778900;22/2/17;1/1/27;49974;708538;mblodg44@pen.io;26276766;1201 Barnett Circle
;;;;;;;;;;;;;;;;;;;;;;;;;;;;;;;;;;;;;;;;;;;;;;;;;;;;;
;;;;;;;;;;;;;;;;;;;;;;;;;;;;;;;;;;;;;;;;;;;;;;;;;;;;;